-- MySQL dump 10.13  Distrib 8.0.38, for Win64 (x86_64)
--
-- Host: 127.0.0.1    Database: little_lemon_db
-- ------------------------------------------------------
-- Server version	8.0.38

/*!40101 SET @OLD_CHARACTER_SET_CLIENT=@@CHARACTER_SET_CLIENT */;
/*!40101 SET @OLD_CHARACTER_SET_RESULTS=@@CHARACTER_SET_RESULTS */;
/*!40101 SET @OLD_COLLATION_CONNECTION=@@COLLATION_CONNECTION */;
/*!50503 SET NAMES utf8 */;
/*!40103 SET @OLD_TIME_ZONE=@@TIME_ZONE */;
/*!40103 SET TIME_ZONE='+00:00' */;
/*!40014 SET @OLD_UNIQUE_CHECKS=@@UNIQUE_CHECKS, UNIQUE_CHECKS=0 */;
/*!40014 SET @OLD_FOREIGN_KEY_CHECKS=@@FOREIGN_KEY_CHECKS, FOREIGN_KEY_CHECKS=0 */;
/*!40101 SET @OLD_SQL_MODE=@@SQL_MODE, SQL_MODE='NO_AUTO_VALUE_ON_ZERO' */;
/*!40111 SET @OLD_SQL_NOTES=@@SQL_NOTES, SQL_NOTES=0 */;

--
-- Table structure for table `bookings`
--

DROP TABLE IF EXISTS `bookings`;
/*!40101 SET @saved_cs_client     = @@character_set_client */;
/*!50503 SET character_set_client = utf8mb4 */;
CREATE TABLE `bookings` (
  `BookingID` int NOT NULL AUTO_INCREMENT,
  `TableNo` int DEFAULT NULL,
  `GuestFirstName` varchar(100) NOT NULL,
  `GuestLastName` varchar(100) NOT NULL,
  `BookingSlot` time NOT NULL,
  `EmployeeID` int DEFAULT NULL,
  PRIMARY KEY (`BookingID`)
) ENGINE=InnoDB AUTO_INCREMENT=10 DEFAULT CHARSET=utf8mb4 COLLATE=utf8mb4_0900_ai_ci;
/*!40101 SET character_set_client = @saved_cs_client */;

--
-- Dumping data for table `bookings`
--

LOCK TABLES `bookings` WRITE;
/*!40000 ALTER TABLE `bookings` DISABLE KEYS */;
INSERT INTO `bookings` VALUES (1,12,'Anna','Iversen','19:00:00',1),(2,12,'Joakim','Iversen','19:00:00',1),(3,19,'Vanessa','McCarthy','15:00:00',3),(4,15,'Marcos','Romero','17:30:00',4),(5,5,'Hiroki','Yamane','18:30:00',2),(6,8,'Diana','Pinto','20:00:00',5),(7,8,'Anees','Java','18:00:00',6),(8,5,'Bald','Vin','19:00:00',6),(9,12,'Jay','Kon','19:30:00',6);
/*!40000 ALTER TABLE `bookings` ENABLE KEYS */;
UNLOCK TABLES;

--
-- Table structure for table `employees`
--

DROP TABLE IF EXISTS `employees`;
/*!40101 SET @saved_cs_client     = @@character_set_client */;
/*!50503 SET character_set_client = utf8mb4 */;
CREATE TABLE `employees` (
  `EmployeeID` int NOT NULL AUTO_INCREMENT,
  `Name` varchar(255) DEFAULT NULL,
  `Role` varchar(100) DEFAULT NULL,
  `Address` varchar(255) DEFAULT NULL,
  `Contact_Number` int DEFAULT NULL,
  `Email` varchar(255) DEFAULT NULL,
  `Annual_Salary` varchar(100) DEFAULT NULL,
  PRIMARY KEY (`EmployeeID`)
) ENGINE=InnoDB AUTO_INCREMENT=9 DEFAULT CHARSET=utf8mb4 COLLATE=utf8mb4_0900_ai_ci;
/*!40101 SET character_set_client = @saved_cs_client */;

--
-- Dumping data for table `employees`
--

LOCK TABLES `employees` WRITE;
/*!40000 ALTER TABLE `employees` DISABLE KEYS */;
INSERT INTO `employees` VALUES (2,'Adrian Gollini','Assistant Manager','334, Dill Square, Lincoln Park, Chicago, IL',351474048,'Adrian.g@littlelemon.com','$65,000'),(3,'Giorgos Dioudis','Head Chef','879 Sage Street, West Loop, Chicago, IL',351970582,'Giorgos.d@littlelemon.com','$50,000'),(4,'Fatma Kaya','Assistant Chef','132  Bay Lane, Chicago, IL',351963569,'Fatma.k@littlelemon.com','$45,000'),(5,'Elena Salvai','Head Waiter','989 Thyme Square, EdgeWater, Chicago, IL',351074198,'Elena.s@littlelemon.com','$40,000'),(6,'John Millar','Receptionist','245 Dill Square, Lincoln Park, Chicago, IL',351584508,'John.m@littlelemon.com','$35,000'),(8,NULL,NULL,NULL,NULL,NULL,NULL);
/*!40000 ALTER TABLE `employees` ENABLE KEYS */;
UNLOCK TABLES;

--
-- Table structure for table `menuitems`
--

DROP TABLE IF EXISTS `menuitems`;
/*!40101 SET @saved_cs_client     = @@character_set_client */;
/*!50503 SET character_set_client = utf8mb4 */;
CREATE TABLE `menuitems` (
  `ItemID` int NOT NULL AUTO_INCREMENT,
  `Name` varchar(200) DEFAULT NULL,
  `Type` varchar(100) DEFAULT NULL,
  `Price` int DEFAULT NULL,
  PRIMARY KEY (`ItemID`)
) ENGINE=InnoDB AUTO_INCREMENT=18 DEFAULT CHARSET=utf8mb4 COLLATE=utf8mb4_0900_ai_ci;
/*!40101 SET character_set_client = @saved_cs_client */;

--
-- Dumping data for table `menuitems`
--

LOCK TABLES `menuitems` WRITE;
/*!40000 ALTER TABLE `menuitems` DISABLE KEYS */;
INSERT INTO `menuitems` VALUES (1,'Olives','Starters',5),(2,'Flatbread','Starters',5),(3,'Minestrone','Starters',8),(4,'Tomato bread','Starters',8),(5,'Falafel','Starters',7),(6,'Hummus','Starters',5),(7,'Greek salad','Main Courses',15),(8,'Bean soup','Main Courses',12),(9,'Pizza','Main Courses',15),(10,'Greek yoghurt','Desserts',7),(11,'Ice cream','Desserts',6),(12,'Cheesecake','Desserts',4),(13,'Athens White wine','Drinks',25),(14,'Corfu Red Wine','Drinks',30),(15,'Turkish Coffee','Drinks',10),(16,'Turkish Coffee','Drinks',10),(17,'Kabasa','Main Courses',17);
/*!40000 ALTER TABLE `menuitems` ENABLE KEYS */;
UNLOCK TABLES;

--
-- Table structure for table `menus`
--

DROP TABLE IF EXISTS `menus`;
/*!40101 SET @saved_cs_client     = @@character_set_client */;
/*!50503 SET character_set_client = utf8mb4 */;
CREATE TABLE `menus` (
  `MenuID` int NOT NULL,
  `ItemID` int NOT NULL,
  `Cuisine` varchar(100) DEFAULT NULL,
  PRIMARY KEY (`MenuID`,`ItemID`)
) ENGINE=InnoDB DEFAULT CHARSET=utf8mb4 COLLATE=utf8mb4_0900_ai_ci;
/*!40101 SET character_set_client = @saved_cs_client */;

--
-- Dumping data for table `menus`
--

LOCK TABLES `menus` WRITE;
/*!40000 ALTER TABLE `menus` DISABLE KEYS */;
INSERT INTO `menus` VALUES (1,1,'Greek'),(1,7,'Greek'),(1,10,'Greek'),(1,13,'Greek'),(2,3,'Italian'),(2,9,'Italian'),(2,12,'Italian'),(2,15,'Italian'),(3,5,'Turkish'),(3,11,'Turkish'),(3,16,'Turkish'),(3,17,'Turkish');
/*!40000 ALTER TABLE `menus` ENABLE KEYS */;
UNLOCK TABLES;

--
-- Table structure for table `orders`
--

DROP TABLE IF EXISTS `orders`;
/*!40101 SET @saved_cs_client     = @@character_set_client */;
/*!50503 SET character_set_client = utf8mb4 */;
CREATE TABLE `orders` (
  `OrderID` int NOT NULL,
  `TableNo` int NOT NULL,
  `MenuID` int DEFAULT NULL,
  `BookingID` int DEFAULT NULL,
  `BillAmount` int DEFAULT NULL,
  `Quantity` int DEFAULT NULL,
  PRIMARY KEY (`OrderID`,`TableNo`)
) ENGINE=InnoDB DEFAULT CHARSET=utf8mb4 COLLATE=utf8mb4_0900_ai_ci;
/*!40101 SET character_set_client = @saved_cs_client */;

--
-- Dumping data for table `orders`
--

LOCK TABLES `orders` WRITE;
/*!40000 ALTER TABLE `orders` DISABLE KEYS */;
INSERT INTO `orders` VALUES (1,12,1,1,86,2),(2,19,2,2,37,1),(3,15,2,3,37,1),(4,5,3,4,40,1),(5,8,1,5,43,1);
/*!40000 ALTER TABLE `orders` ENABLE KEYS */;
UNLOCK TABLES;
/*!40103 SET TIME_ZONE=@OLD_TIME_ZONE */;

/*!40101 SET SQL_MODE=@OLD_SQL_MODE */;
/*!40014 SET FOREIGN_KEY_CHECKS=@OLD_FOREIGN_KEY_CHECKS */;
/*!40014 SET UNIQUE_CHECKS=@OLD_UNIQUE_CHECKS */;
/*!40101 SET CHARACTER_SET_CLIENT=@OLD_CHARACTER_SET_CLIENT */;
/*!40101 SET CHARACTER_SET_RESULTS=@OLD_CHARACTER_SET_RESULTS */;
/*!40101 SET COLLATION_CONNECTION=@OLD_COLLATION_CONNECTION */;
/*!40111 SET SQL_NOTES=@OLD_SQL_NOTES */;

-- Dump completed on 2024-09-10 14:34:27
